text,col1,col2,col3
row1,3.333333333333333,3.333333333333333,3.333333333333333
row2,1.11111111111111111,1.11111111111111111,1.11111111111111111
