test_123,test_100,test_n123,test_n100
12345,100,-12345,-100
1234.5,10,-1234.5,-10
123.45,1,-123.45,-1
12.345,0.1,-12.345,-0.1
1.2345,0.01,-1.2345,-0.01
0.12345,0.001,-0.12345,-0.001
0.012345,0.0001,-0.012345,-0.0001
0.0012345,0.00001,-0.0012345,-0.00001
0.00012345,0.000001,-0.00012345,-0.000001
0.000012345,0.0000001,-0.000012345,-0.0000001
0,0,0,0